CrimeDate,CrimeTime,CrimeCode,Location,Description,Weapon,Post,District,Neighborhood,Location 1,Total Incidents
18/06/16,0:33:00,4E,2700 CHESLEY AVE,I,HANDS,424,NORTHEASTERN,North Harford Road,"(39.3679000000, -76.5555900000)",1
18/06/16,0:39:00,4B,2700 FAIT AVE,O,KNIFE,232,SOUTHEASTERN,Canton,"(39.2831500000, -76.5783400000)",1
18/06/16,15,9S,2400 CYLBURN AV,Outside,FIREARM,532,NORTHERN,Levindale,"(39.3510400000, -76.6597600000)",1
18/06/16,1:53:00,3AF,2300 ORLEANS ST,O,FIREARM,221,SOUTHEASTERN,McElderry Park,"(39.2955600000, -76.5844600000)",1
18/06/16,2:05:00,6C,800 N WOLFE ST,I,,321,EASTERN,Middle East,"(39.3002700000, -76.5909700000)",1
18/06/16,2:35:00,4C,ST & IMLA ST,O,OTHER,241,SOUTHEASTERN,Bayview,"(39.2891900000, -76.5391400000)",1
18/06/16,2:35:00,4C,ST & IMLA ST,O,OTHER,241,SOUTHEASTERN,Bayview,"(39.2891900000, -76.5391400000)",1
18/06/16,2:45:00,4E,2400 W BELVEDERE AVE,I,HANDS,532,NORTHERN,Levindale,"(39.3544800000, -76.6623700000)",1
18/06/16,3:45:00,5D,1100 RUSSELL ST,I,,941,SOUTHERN,Carroll - Camden Industrial Area,"(39.2789600000, -76.6245300000)",1
18/06/16,4:00:00,4E,ST & N PATTERSON PARK AV,I,HANDS,321,EASTERN,McElderry Park,"(39.2976200000, -76.5850500000)",1
18/06/16,4:00:00,3AF,200 N LIBERTY ST,O,FIREARM,111,CENTRAL,Downtown,"(39.2917300000, -76.6171300000)",1
18/06/16,4:00:00,6G,600 S ANN ST,I,,213,SOUTHEASTERN,Fells Point,"(39.2844700000, -76.5912800000)",1
18/06/16,4:26:00,4E,2600 PENNSYLVANIA AVE,I,HANDS,733,WESTERN,Penn North,"(39.3115700000, -76.6443300000)",1
18/06/16,2251,9S,2300 DENISON ST,Outside,FIREARM,812,SOUTHWESTERN,Mount Holly,"(39.3131800000, -76.6744000000)",1
18/06/16,2253,9S,4200 NICHOLAS AV,Outside,FIREARM,442,NORTHEASTERN,Belair-Edison,"(39.3292000000, -76.5640300000)",1
18/06/16,23:00:00,4E,2500 W BALTIMORE ST,O,HANDS,842,SOUTHWESTERN,Shipley Hill,"(39.2877300000, -76.6572500000)",1
18/06/16,23:15:00,4C,700 RAMSAY ST,O,OTHER,931,SOUTHERN,Barre Circle,"(39.2838600000, -76.6272100000)",1
18/06/16,0:00:00,5A,300 S CASTLE ST,I,,212,SOUTHEASTERN,Upper Fells Point,"(39.2874800000, -76.5879300000)",1
18/06/16,0:00:00,6H,4000 CEDARDALE RD,O,,643,NORTHWESTERN,East Arlington,"(39.3334400000, -76.6694900000)",1
18/06/16,0:30:00,4E,1300 N CAROLINE ST,O,HANDS,343,EASTERN,Oliver,"(39.3053300000, -76.5980900000)",1
18/06/16,0:30:00,4E,2400 E FEDERAL ST,I,HANDS,331,EASTERN,Broadway East,"(39.3088900000, -76.5838300000)",1
18/06/16,4:45:00,4F,3500 E BALTIMORE ST,O,,223,SOUTHEASTERN,Baltimore Highlands,"(39.2925000000, -76.5683700000)",1
18/06/16,5:03:00,5A,3000 RAYNER AVE,I,,814,SOUTHWESTERN,Franklintown Road,"(39.2964300000, -76.6670300000)",1
18/06/16,5:15:00,6D,1000 FELL ST,O,,213,SOUTHEASTERN,Fells Point,"(39.2806200000, -76.5894600000)",1
18/06/16,5:30:00,4C,1500 RUSSELL ST,I,OTHER,941,SOUTHERN,Carroll - Camden Industrial Area,"(39.2740800000, -76.6276900000)",1
18/06/16,6:40:00,6G,RD & GWYNNS FALLS PY,I,,731,WESTERN,Parkview/Woodbrook,"(39.3167900000, -76.6506100000)",1
18/06/16,7:05:00,4F,1800 ORLEANS ST,I,,321,EASTERN,Dunbar-Broadway,"(39.2952900000, -76.5912900000)",1
18/06/16,8:00:00,5A,3200 LABYRINTH RD,I,,632,NORTHWESTERN,Cross Country,"(39.3712000000, -76.7000400000)",1
18/06/16,8:00:00,6D,200 GUILFORD AVE,O,,111,CENTRAL,Downtown,"(39.2914800000, -76.6111400000)",1
18/06/16,8:14:00,6G,3700 W BELVEDERE AVE,I,,633,NORTHWESTERN,Arlington,"(39.3460800000, -76.6806500000)",1
18/06/16,9:00:00,4E,6800 FAIRDEL AVE,I,HANDS,424,NORTHEASTERN,North Harford Road,"(39.3601500000, -76.5377600000)",1
18/06/16,9:30:00,5A,400 FURROW ST,I,,841,SOUTHWESTERN,Carrollton Ridge,"(39.2821900000, -76.6518600000)",1
18/06/16,9:40:00,4E,5700 CHINQUAPIN PKWY,I,HANDS,522,NORTHERN,Glen Oaks,"(39.3604400000, -76.5975000000)",1
18/06/16,9:40:00,4E,2400 ETTING ST,I,HANDS,733,WESTERN,Penn North,"(39.3112700000, -76.6411200000)",1
18/06/16,10:00:00,4E,3900 GROVELAND AVE,I,HANDS,621,NORTHWESTERN,West Arlington,"(39.3407300000, -76.6842200000)",1
18/06/16,10:10:00,3GO,400 W FRANKLIN ST,I,OTHER,111,CENTRAL,Downtown,"(39.2948300000, -76.6220500000)",1
18/06/16,11:00:00,5C,2400 BRIDGEHAMPTON DR,I,,423,NORTHEASTERN,Hamilton Hills,"(39.3708600000, -76.5649400000)",1
18/06/16,11:15:00,5B,800 BENNINGHAUS RD,I,,523,NORTHERN,Mid-Govans,"(39.3598300000, -76.6036100000)",1
18/06/16,11:22:00,4E,1500 MAY CT,I,HANDS,212,SOUTHEASTERN,Dunbar-Broadway,"(39.2943500000, -76.5971000000)",1
18/06/16,12:00:00,5C,600 E 36TH ST,I,,543,NORTHERN,Waverly,"(39.3323000000, -76.6072200000)",1
18/06/16,12:30:00,5A,900 SAINT PAUL ST,I,,142,CENTRAL,Mount Vernon,"(39.3000000000, -76.6141800000)",1
18/06/16,13:10:00,5A,1300 E NORTH AVE,I,,343,EASTERN,Oliver,"(39.3118600000, -76.6003200000)",1
18/06/16,13:24:00,4C,900 HERNDON CT,I,OTHER,913,SOUTHERN,Brooklyn,"(39.2282600000, -76.6005000000)",1
18/06/16,13:30:00,5A,2600 BOONE ST,I,,513,NORTHERN,Better Waverly,"(39.3202800000, -76.6086000000)",1
18/06/16,13:30:00,5A,900 SAINT PAUL ST,I,,142,CENTRAL,Mount Vernon,"(39.2999500000, -76.6141800000)",1
18/06/16,13:30:00,6C,1100 LIGHT ST,I,,942,SOUTHERN,Riverside,"(39.2763400000, -76.6122200000)",1
18/06/16,13:43:00,4A,3600 PARK HEIGHTS AVE,O,FIREARM,612,NORTHWESTERN,Park Circle,"(39.3296000000, -76.6591400000)",1
18/06/16,13:50:00,6G,600 E PRATT ST,I,,112,CENTRAL,Inner Harbor,"(39.2867000000, -76.6078100000)",1
18/06/16,14:00:00,6E,2800 ELLICOTT DY,O,,814,SOUTHWESTERN,Winchester,"(41.5286100000, -76.6537300000)",1
18/06/16,14:10:00,7A,HEIGHTS AV & W COLD SPRING LN,O,,614,NORTHWESTERN,Central Park Heights,"(39.3396300000, -76.6664500000)",1
18/06/16,15:00:00,6D,100 HOPKINS PL,I,,113,CENTRAL,Downtown West,"(39.2874600000, -76.6177100000)",1
18/06/16,15:00:00,6D,0 S CHARLES ST,I,,111,CENTRAL,Downtown,"(39.2885400000, -76.6150300000)",1
18/06/16,15:59:00,4E,1200 W CROSS ST,I,HANDS,932,SOUTHERN,Washington Village/Pigtown,"(39.2825400000, -76.6321100000)",1
18/06/16,16:00:00,6G,3000 ARUNAH AVE,O,,814,SOUTHWESTERN,Franklintown Road,"(39.2950600000, -76.6674400000)",1
18/06/16,17:00:00,4E,700 POPLAR GROVE ST,O,HANDS,814,SOUTHWESTERN,Franklintown Road,"(39.2966200000, -76.6650800000)",1
18/06/16,17:00:00,5B,1000 N CALVERT ST,I,,141,CENTRAL,Mid-Town Belvedere,"(39.3016300000, -76.6131300000)",1
18/06/16,17:07:00,7A,1500 62ND ST,O,,441,NORTHEASTERN,Pulaski Industrial Area,"(39.3110400000, -76.5310300000)",1
18/06/16,17:16:00,4E,700 N BELNORD AVE,I,HANDS,323,EASTERN,Madison-Eastend,"(39.2995100000, -76.5788300000)",1
18/06/16,17:36:00,4E,2600 GROGAN AVE,I,HANDS,332,EASTERN,Berea,"(39.3064100000, -76.5807400000)",1
18/06/16,17:40:00,4C,ST & FOLCROFT ST,O,OTHER,241,SOUTHEASTERN,Bayview,"(39.2890800000, -76.5419200000)",1
18/06/16,18:00:00,3B,500 GUSRYAN ST,O,,242,SOUTHEASTERN,Pulaski Industrial Area,"(39.2873200000, -76.5409100000)",1
18/06/16,18:33:00,4E,4900 FRANKFORD AVE,O,HANDS,444,NORTHEASTERN,Frankford,"(39.3315400000, -76.5438700000)",1
18/06/16,18:33:00,4E,4900 FRANKFORD AVE,O,HANDS,444,NORTHEASTERN,Frankford,"(39.3315400000, -76.5438700000)",1
18/06/16,18:50:00,4E,3300 SAINT AMBROSE AVE,I,HANDS,614,NORTHWESTERN,Central Park Heights,"(39.3421300000, -76.6704500000)",1
18/06/16,19:00:00,6B,NORTH AV & N SMALLWOOD ST,O,,731,WESTERN,Mondawmin,"(39.3096500000, -76.6527000000)",1
18/06/16,19:15:00,4E,2400 N CHARLES ST,O,HANDS,514,NORTHERN,Old Goucher,"(39.3170900000, -76.6169800000)",1
18/06/16,19:30:00,6E,4800 TRUESDALE AVE,O,,443,NORTHEASTERN,Frankford,"(39.3169500000, -76.5487200000)",1
18/06/16,19:40:00,3AF,800 HOLLINS ST,O,FIREARM,931,SOUTHERN,Hollins Market,"(39.2879500000, -76.6292200000)",1
18/06/16,20:11:00,6B,1100 WASHINGTON BLVD,O,,932,SOUTHERN,Washington Village/Pigtown,"(39.2828800000, -76.6326000000)",1
18/06/16,20:30:00,4E,3600 GREENWAY,I,HANDS,512,NORTHERN,Oakenshawe,"(39.3316600000, -76.6160100000)",1
18/06/16,20:30:00,4E,2400 KERMIT CT,I,HANDS,921,SOUTHERN,Westport,"(39.2627300000, -76.6408200000)",1
18/06/16,20:30:00,4E,2400 KERMIT CT,I,HANDS,921,SOUTHERN,Westport,"(39.2627300000, -76.6408200000)",1
18/06/16,20:49:00,4C,600 MAUDE AVE,I,OTHER,913,SOUTHERN,Brooklyn,"(39.2384200000, -76.6011100000)",1
18/06/16,20:58:00,6G,1300 LANCASTER ST,I,,213,SOUTHEASTERN,Fells Point,"(39.2824200000, -76.5969600000)",1
18/06/16,21:20:00,4C,1300 N MONTFORD AVE,O,OTHER,331,EASTERN,Broadway East,"(39.3061600000, -76.5841300000)",1
18/06/16,21:35:00,4C,3700 SINCLAIR LN,O,OTHER,433,NORTHEASTERN,Orchard Ridge,"(39.3135400000, -76.5658300000)",1
18/06/16,21:35:00,6C,6300 EASTERN AVE,I,,242,SOUTHEASTERN,Pulaski Industrial Area,"(39.2876100000, -76.5398200000)",1
18/06/16,21:50:00,4A,2300 DENISON ST,O,FIREARM,812,SOUTHWESTERN,Mount Holly,"(39.3131800000, -76.6744000000)",1
18/06/16,22:13:00,3D,6800 REISTERSTOWN RD,I,,631,NORTHWESTERN,Reisterstown Station,"(39.3600200000, -76.7075700000)",1
18/06/16,22:54:00,4A,4200 NICHOLAS AVE,O,FIREARM,442,NORTHEASTERN,Belair-Edison,"(39.3292000000, -76.5640300000)",1
17/06/16,0:00:00,5A,1200 CHERRY HILL RD,I,,922,SOUTHERN,Cherry Hill,"(39.2510500000, -76.6316800000)",1
17/06/16,0:26:00,4E,3600 MONTEREY RD,I,HANDS,412,NORTHEASTERN,Ednor Gardens-Lakeside,"(39.3324600000, -76.5960300000)",1
17/06/16,0:30:00,6D,5400 PARK HEIGHTS AVE,O,,633,NORTHWESTERN,Pimlico Good Neighbors,"(39.3508000000, -76.6816700000)",1
17/06/16,0:42:00,3B,2000 N CHESTER ST,O,,331,EASTERN,South Clifton Park,"(39.3133400000, -76.5887800000)",1
17/06/16,1:15:00,4C,500 N PAYSON ST,O,OTHER,722,WESTERN,Midtown-Edmondson,"(39.2941900000, -76.6490400000)",1
17/06/16,3:00:00,7A,1700 WASHINGTON BLVD,O,,941,SOUTHERN,Carroll - Camden Industrial Area,"(39.2756700000, -76.6416600000)",1
17/06/16,4:51:00,3AF,BL & BELVIEU AV,O,FIREARM,621,NORTHWESTERN,Dolfield,"(39.3393600000, -76.6846900000)",1
17/06/16,5:42:00,4E,400 N CHESTER ST,I,HANDS,321,EASTERN,CARE,"(39.2958500000, -76.5877000000)",1
17/06/16,5:42:00,5B,0 N SMALLWOOD ST,I,,714,WESTERN,Penrose/Fayette Street Outreach,"(39.2885400000, -76.6514600000)",1
17/06/16,6:00:00,6J,700 SAINT PAUL ST,O,,142,CENTRAL,Mount Vernon,"(39.2976200000, -76.6140900000)",1
17/06/16,6:00:00,4E,1900 LETITIA AVE,I,HANDS,831,SOUTHWESTERN,Morrell Park,"(39.2624100000, -76.6544000000)",1
17/06/16,7:02:00,4E,200 E 33RD ST,I,HANDS,512,NORTHERN,Charles Village,"(39.3280800000, -76.6145300000)",1
17/06/16,7:08:00,3CK,400 E PRATT ST,I,KNIFE,112,CENTRAL,Inner Harbor,"(39.2866800000, -76.6098000000)",1
17/06/16,7:30:00,6D,1500 N MONTFORD AVE,O,,331,EASTERN,Broadway East,"(39.3082500000, -76.5843300000)",1
17/06/16,7:30:00,5A,1600 DIVISION ST,I,,123,CENTRAL,Upton,"(39.3037300000, -76.6327400000)",1
17/06/16,7:45:00,5B,600 NOTTINGHAM RD,I,,822,SOUTHWESTERN,Hunting Ridge,"(39.2933500000, -76.7007800000)",1
17/06/16,8:00:00,6D,1500 N CALVERT ST,O,,141,CENTRAL,Greenmount West,"(39.3062700000, -76.6134200000)",1
17/06/16,9:00:00,5A,2800 THE ALAMEDA,I,,411,NORTHEASTERN,Coldstream Homestead Montebello,"(39.3243200000, -76.5932800000)",1
17/06/16,9:00:00,6G,3300 W BELVEDERE AVE,I,,614,NORTHWESTERN,Central Park Heights,"(39.3480200000, -76.6772900000)",1
17/06/16,9:15:00,5B,5100 EDMONDSON AVE,I,,823,SOUTHWESTERN,Westgate,"(39.2894700000, -76.7083600000)",1
17/06/16,10:01:00,4F,200 N CHARLES ST,I,,111,CENTRAL,Downtown,"(39.2912200000, -76.6152000000)",1
17/06/16,10:17:00,4F,2300 MCCULLOH ST,O,,733,WESTERN,Penn North,"(39.3107100000, -76.6373700000)",1
17/06/16,10:19:00,6J,3300 SAINT PAUL ST,I,,512,NORTHERN,Charles Village,"(39.3286900000, -76.6161500000)",1
17/06/16,10:30:00,5A,2200 WALSHIRE AVE,I,,423,NORTHEASTERN,Hamilton Hills,"(39.3637900000, -76.5695500000)",1
17/06/16,11:00:00,5A,4800 PIMLICO RD,I,,614,NORTHWESTERN,Central Park Heights,"(39.3475000000, -76.6688900000)",1
17/06/16,11:00:00,7A,2900 STRANDEN RD,O,,923,SOUTHERN,Lakeland,"(39.2541200000, -76.6452600000)",1
17/06/16,11:07:00,7A,3500 FAIRVIEW AVE,O,,642,NORTHWESTERN,Forest Park,"(39.3224400000, -76.6764800000)",1
17/06/16,11:15:00,4E,3500 BREHMS LN,O,HANDS,432,NORTHEASTERN,Belair-Edison,"(39.3210100000, -76.5659400000)",1
17/06/16,11:30:00,6J,700 POPLAR GROVE ST,I,,814,SOUTHWESTERN,Franklintown Road,"(39.2966200000, -76.6650800000)",1
17/06/16,11:45:00,4C,4800 HAMILTON AVE,O,OTHER,444,NORTHEASTERN,Frankford,"(39.3368700000, -76.5366700000)",1
17/06/16,12:00:00,4E,1800 UNION AVE,O,HANDS,531,NORTHERN,Jones Falls Area,"(39.3318400000, -76.6430100000)",1
17/06/16,12:00:00,4E,200 E PRATT ST,O,HANDS,112,CENTRAL,Inner Harbor,"(39.2865900000, -76.6120400000)",1
17/06/16,12:00:00,6E,5700 DENWOOD AVE,O,,443,NORTHEASTERN,Frankford,"(39.3185300000, -76.5476700000)",1
17/06/16,12:00:00,6D,CALVERT ST & E FEDERAL ST,O,,141,CENTRAL,Greenmount West,"(39.3077800000, -76.6135600000)",1
17/06/16,12:00:00,6C,100 S BROADWAY,I,,212,SOUTHEASTERN,Washington Hill,"(39.2902100000, -76.5937400000)",1
17/06/16,12:45:00,6C,3500 BOSTON ST,I,,233,SOUTHEASTERN,Canton Industrial Area,"(39.2770300000, -76.5673200000)",1
17/06/16,13:00:00,7A,2400 ASHLAND AVE,O,,323,EASTERN,Milton-Montford,"(39.3009200000, -76.5829400000)",1
17/06/16,13:00:00,7A,7200 BROOKCREST WAY,O,,631,NORTHWESTERN,Fallstaff,"(39.3661100000, -76.7093900000)",1
17/06/16,13:15:00,5C,2400 BRIARWOOD RD,I,,533,NORTHERN,Mount Washington,"(39.3609900000, -76.6713100000)",1
17/06/16,13:41:00,3B,100 S HIGH ST,O,,211,SOUTHEASTERN,Jonestown,"(39.2887600000, -76.6031800000)",1
17/06/16,13:45:00,4E,FRANKLINTOWN RD & W BALTIMORE ST,O,HANDS,842,SOUTHWESTERN,Shipley Hill,"(39.2876300000, -76.6588400000)",1
17/06/16,13:47:00,6J,2600 SISSON ST,I,,511,NORTHERN,Jones Falls Area,"(39.3176600000, -76.6238800000)",1
17/06/16,13:50:00,4E,100 S EXETER ST,O,HANDS,211,SOUTHEASTERN,Jonestown,"(39.2890900000, -76.6023300000)",1
17/06/16,14:00:00,6D,2500 SAINT PAUL ST,O,,512,NORTHERN,Charles Village,"(39.3179900000, -76.6154300000)",1
17/06/16,15:00:00,6G,2000 HARMAN AVE,I,,831,SOUTHWESTERN,Morrell Park,"(39.2658400000, -76.6507700000)",1
17/06/16,15:00:00,7A,1900 HARMAN AVE,O,,831,SOUTHWESTERN,Morrell Park,"(39.2663700000, -76.6514200000)",1
17/06/16,15:19:00,6D,3700 MANCHESTER AVE,O,,614,NORTHWESTERN,Central Park Heights,"(39.3425200000, -76.6763700000)",1
17/06/16,15:30:00,3NO,200 ST MATTHEWS ST,I,OTHER,211,SOUTHEASTERN,Pleasant View Gardens,"(39.2941000000, -76.6037200000)",1
17/06/16,15:30:00,6C,3700 BOSTON ST,I,,233,SOUTHEASTERN,Canton Industrial Area,"(39.2771000000, -76.5653800000)",1
17/06/16,15:35:00,4B,1200 N LONGWOOD ST,O,KNIFE,814,SOUTHWESTERN,Winchester,"(39.3015600000, -76.6673500000)",1
17/06/16,15:35:00,4C,700 E 36TH ST,I,OTHER,543,NORTHERN,Waverly,"(39.3321700000, -76.6057500000)",1
17/06/16,15:45:00,6J,600 E 33RD ST,I,,513,NORTHERN,Better Waverly,"(39.3282900000, -76.6081300000)",1
17/06/16,15:55:00,4C,5400 RADECKE AVE,O,OTHER,444,NORTHEASTERN,Frankford,"(39.3291900000, -76.5415400000)",1
17/06/16,16:00:00,6C,400 E PRATT ST,I,,112,CENTRAL,Inner Harbor,"(39.2866800000, -76.6098000000)",1
17/06/16,16:24:00,4A,3500 DENISON RD,O,FIREARM,643,NORTHWESTERN,Ashburton,"(39.3273700000, -76.6723900000)",1
17/06/16,16:24:00,4A,3500 DENISON RD,O,FIREARM,643,NORTHWESTERN,Ashburton,"(39.3273700000, -76.6723900000)",1
17/06/16,16:30:00,6D,1400 WARNER ST,O,,941,SOUTHERN,Carroll - Camden Industrial Area,"(39.2751300000, -76.6246600000)",1
17/06/16,16:30:00,6D,2600 E FEDERAL ST,O,,332,EASTERN,Berea,"(39.3091000000, -76.5799400000)",1
17/06/16,16:30:00,6G,400 N BROADWAY,I,,321,EASTERN,Dunbar-Broadway,"(39.2954400000, -76.5939200000)",1
17/06/16,16:46:00,4E,2700 WASHINGTON BLVD,I,HANDS,831,SOUTHWESTERN,Morrell Park,"(39.2644900000, -76.6549300000)",1
17/06/16,17:00:00,6D,PAUL PL & E SARATOGA ST,O,,111,CENTRAL,Downtown,"(39.2923300000, -76.6140100000)",1
17/06/16,17:00:00,6D,2100 MOUNT ROYAL TER,O,,133,CENTRAL,Reservoir Hill,"(39.3133200000, -76.6268100000)",1
17/06/16,17:00:00,6D,5900 BELLONA AVE,O,,523,NORTHERN,Rosebank,"(39.3634600000, -76.6138400000)",1
17/06/16,17:00:00,6D,200 E MONTGOMERY ST,O,,942,SOUTHERN,Federal Hill,"(39.2800600000, -76.6108200000)",1
17/06/16,17:30:00,7C,3300 FLEET ST,O,,232,SOUTHEASTERN,Canton,"(39.2855300000, -76.5696100000)",1
17/06/16,17:31:00,4E,2400 BANGER ST,I,HANDS,923,SOUTHERN,Lakeland,"(39.2587000000, -76.6475800000)",1
17/06/16,17:31:00,4C,2400 BANGER ST,I,OTHER,923,SOUTHERN,Lakeland,"(39.2587000000, -76.6475800000)",1
17/06/16,17:43:00,3B,LOMBARD ST & S CENTRAL AV,O,,212,SOUTHEASTERN,Jonestown,"(39.2902100000, -76.5995300000)",1
17/06/16,18:00:00,7A,1200 S CAREY ST,O,,932,SOUTHERN,Washington Village/Pigtown,"(39.2801600000, -76.6346900000)",1
17/06/16,18:31:00,4E,1400 CHERRY ST,I,HANDS,911,SOUTHERN,Curtis Bay,"(39.2220900000, -76.5899500000)",1
17/06/16,19:00:00,7A,2200 E BIDDLE ST,O,,331,EASTERN,Broadway East,"(39.3046300000, -76.5868000000)",1
17/06/16,19:00:00,6D,100 W 25TH ST,O,,512,NORTHERN,Charles Village,"(39.3178100000, -76.6185700000)",1
17/06/16,19:15:00,4E,2700 W PATAPSCO AVE,O,HANDS,923,SOUTHERN,Lakeland,"(39.2548600000, -76.6573500000)",1
17/06/16,19:29:00,3B,200 W CHASE ST,O,,141,CENTRAL,Mid-Town Belvedere,"(39.3014000000, -76.6197000000)",1
17/06/16,20:00:00,6D,2500 MARYLAND AVE,O,,512,NORTHERN,Charles Village,"(39.3184500000, -76.6184300000)",1
17/06/16,20:01:00,5D,900 W BALTIMORE ST,I,,931,WESTERN,Hollins Market,"(39.2887800000, -76.6326500000)",1
17/06/16,20:15:00,3AF,1600 E EAGER ST,O,FIREARM,313,EASTERN,Gay Street,"(39.3018300000, -76.5962300000)",1
17/06/16,20:15:00,3AF,0 N STREEPER ST,O,FIREARM,222,SOUTHEASTERN,Patterson Park Neighborhood,"(39.2927700000, -76.5769700000)",1
17/06/16,20:35:00,3B,100 N ROSE ST,O,,222,SOUTHEASTERN,Patterson Park Neighborhood,"(39.2935500000, -76.5812800000)",1
17/06/16,20:57:00,4E,2200 GUILFORD AVE,I,HANDS,514,NORTHERN,Barclay,"(39.3151200000, -76.6127100000)",1
17/06/16,21:00:00,7A,900 MCKEAN AVE,O,,743,WESTERN,Sandtown-Winchester,"(39.2992100000, -76.6467900000)",1
17/06/16,21:40:00,6B,WASHINGTON ST & E PRATT ST,O,,212,SOUTHEASTERN,Upper Fells Point,"(39.2894200000, -76.5890300000)",1
17/06/16,21:43:00,7A,1900 HOMEWOOD AVE,O,,342,EASTERN,East Baltimore Midway,"(39.3123200000, -76.6071400000)",1
17/06/16,22:00:00,6D,2500 SAINT PAUL ST,O,,512,NORTHERN,Charles Village,"(39.3179900000, -76.6154300000)",1
17/06/16,22:00:00,5D,200 N LINWOOD AVE,I,,221,SOUTHEASTERN,McElderry Park,"(39.2948000000, -76.5763900000)",1
17/06/16,22:15:00,4E,900 N MONROE ST,O,HANDS,722,WESTERN,Midtown-Edmondson,"(39.2991200000, -76.6475700000)",1
17/06/16,22:30:00,6E,4000 ELMORA AVE,O,,432,NORTHEASTERN,Belair-Edison,"(39.3184000000, -76.5583700000)",1
17/06/16,22:30:00,4E,0 S GREENE ST,O,HANDS,121,CENTRAL,University Of Maryland,"(39.2882900000, -76.6236700000)",1
17/06/16,23:00:00,5A,1900 RUXTON AVE,I,,731,WESTERN,Mondawmin,"(39.3101200000, -76.6548700000)",1
17/06/16,23:04:00,4E,2300 EASTERN AVE,O,HANDS,221,SOUTHEASTERN,Patterson Park,"(39.2859800000, -76.5842100000)",1
17/06/16,23:10:00,4B,500 S NEWKIRK ST,O,KNIFE,242,SOUTHEASTERN,Greektown,"(39.2866900000, -76.5565800000)",1
17/06/16,23:15:00,4B,400 N PACA ST,I,KNIFE,111,CENTRAL,Downtown,"(39.2943900000, -76.6225600000)",1
17/06/16,23:30:00,4E,0 N PULASKI ST,O,HANDS,842,SOUTHWESTERN,Boyd-Booth,"(39.2879400000, -76.6500900000)",1
17/06/16,23:30:00,6J,100 HOPKINS PL,O,,113,CENTRAL,Downtown West,"(39.2874600000, -76.6177100000)",1
17/06/16,23:37:00,4E,1900 W FAYETTE ST,O,HANDS,714,WESTERN,Penrose/Fayette Street Outreach,"(39.2894700000, -76.6479700000)",1
17/06/16,23:40:00,4E,3100 E MONUMENT ST,I,HANDS,224,EASTERN,Ellwood Park/Monument,"(39.2992000000, -76.5725900000)",1
17/06/16,23:50:00,4F,200 N DALLAS CT,I,,212,SOUTHEASTERN,Dunbar-Broadway,"(39.2936200000, -76.5962400000)",1
17/06/16,23:50:00,4E,ST & W READ ST,O,HANDS,141,CENTRAL,Mid-Town Belvedere,"(39.2995900000, -76.6171700000)",1
17/06/16,23:55:00,6C,6300 EASTERN AVE,I,,242,SOUTHEASTERN,Pulaski Industrial Area,"(39.2875900000, -76.5402100000)",1
16/06/16,21:15:00,3B,2000 E FAYETTE ST,O,,212,EASTERN,Butcher's Hill,"(39.2941300000, -76.5882000000)",1
16/06/16,21:20:00,4E,3600 E LOMBARD ST,I,HANDS,223,SOUTHEASTERN,Baltimore Highlands,"(39.2914300000, -76.5673100000)",1
16/06/16,21:20:00,4E,ST & S SCHROEDER ST,O,HANDS,931,SOUTHERN,Hollins Market,"(39.2872600000, -76.6336900000)",1
16/06/16,21:30:00,5D,900 W PATAPSCO AVE,I,,922,SOUTHERN,Cherry Hill,"(39.2456100000, -76.6342900000)",1
16/06/16,21:30:00,4E,1300 PONTIAC AVE,I,HANDS,911,SOUTHERN,Curtis Bay,"(39.2318900000, -76.5925200000)",1
16/06/16,21:30:00,4E,1300 PONTIAC AVE,I,HANDS,911,SOUTHERN,Curtis Bay,"(39.2318900000, -76.5925200000)",1
16/06/16,22:00:00,6D,0 S WOLFE ST,O,,212,SOUTHEASTERN,Washington Hill,"(39.2911000000, -76.5904500000)",1
16/06/16,22:00:00,7A,1500 MADISON AVE,O,,132,CENTRAL,Madison Park,"(39.3049500000, -76.6292100000)",1
16/06/16,22:18:00,4E,1000 HARLEM AVE,I,HANDS,713,WESTERN,Harlem Park,"(39.2967700000, -76.6352200000)",1
16/06/16,22:50:00,6D,ST & S CAROLINE ST,O,,213,SOUTHEASTERN,Fells Point,"(39.2844100000, -76.5966900000)",1
16/06/16,22:57:00,5D,500 SANFORD PL,I,,131,CENTRAL,Druid Heights,"(39.3092900000, -76.6405800000)",1
16/06/16,23:00:00,5A,500 S MONROE ST,I,,934,SOUTHERN,Carrollton Ridge,"(39.2813900000, -76.6465100000)",1
16/06/16,23:00:00,4C,2600 HURON ST,I,OTHER,921,SOUTHERN,Mount Winans,"(39.2611700000, -76.6449700000)",1
17/06/16,23:40:00,4E,3100 E MONUMENT ST,I,HANDS,224,EASTERN,Ellwood Park/Monument,"(39.2992000000, -76.5725900000)",1
17/06/16,23:50:00,4F,200 N DALLAS CT,I,,212,SOUTHEASTERN,Dunbar-Broadway,"(39.2936200000, -76.5962400000)",1
17/06/16,23:50:00,4E,ST & W READ ST,O,HANDS,141,CENTRAL,Mid-Town Belvedere,"(39.2995900000, -76.6171700000)",1
17/06/16,23:55:00,6C,6300 EASTERN AVE,I,,242,SOUTHEASTERN,Pulaski Industrial Area,"(39.2875900000, -76.5402100000)",1
16/06/16,21:15:00,3B,2000 E FAYETTE ST,O,,212,EASTERN,Butcher's Hill,"(39.2941300000, -76.5882000000)",1
16/06/16,21:20:00,4E,3600 E LOMBARD ST,I,HANDS,223,SOUTHEASTERN,Baltimore Highlands,"(39.2914300000, -76.5673100000)",1
16/06/16,21:20:00,4E,ST & S SCHROEDER ST,O,HANDS,931,SOUTHERN,Hollins Market,"(39.2872600000, -76.6336900000)",1
16/06/16,21:30:00,5D,900 W PATAPSCO AVE,I,,922,SOUTHERN,Cherry Hill,"(39.2456100000, -76.6342900000)",1
16/06/16,21:30:00,4E,1300 PONTIAC AVE,I,HANDS,911,SOUTHERN,Curtis Bay,"(39.2318900000, -76.5925200000)",1
16/06/16,21:30:00,4E,1300 PONTIAC AVE,I,HANDS,911,SOUTHERN,Curtis Bay,"(39.2318900000, -76.5925200000)",1
16/06/16,22:00:00,6D,0 S WOLFE ST,O,,212,SOUTHEASTERN,Washington Hill,"(39.2911000000, -76.5904500000)",1
16/06/16,22:00:00,7A,1500 MADISON AVE,O,,132,CENTRAL,Madison Park,"(39.3049500000, -76.6292100000)",1
16/06/16,22:18:00,4E,1000 HARLEM AVE,I,HANDS,713,WESTERN,Harlem Park,"(39.2967700000, -76.6352200000)",1
16/06/16,22:50:00,6D,ST & S CAROLINE ST,O,,213,SOUTHEASTERN,Fells Point,"(39.2844100000, -76.5966900000)",1
16/06/16,22:57:00,5D,500 SANFORD PL,I,,131,CENTRAL,Druid Heights,"(39.3092900000, -76.6405800000)",1
16/06/16,23:00:00,5A,500 S MONROE ST,I,,934,SOUTHERN,Carrollton Ridge,"(39.2813900000, -76.6465100000)",1
16/06/16,12:30:00,5B,4200 PARKSIDE DR,I,,442,NORTHEASTERN,Belair-Edison,"(39.3273300000, -76.5653700000)",1
16/06/16,13:05:00,4C,1400 LIMIT AVE,I,OTHER,414,NORTHEASTERN,Idlewood,"(39.3712200000, -76.5844900000)",1
16/06/16,13:30:00,4E,500 ALLENDALE ST,O,HANDS,843,SOUTHWESTERN,Allendale,"(39.2928400000, -76.6783500000)",1
16/06/16,14:00:00,4E,5700 CEDONIA AVE,I,HANDS,444,NORTHEASTERN,Frankford,"(39.3386200000, -76.5324000000)",1
16/06/16,5:00:00,7A,PACA ST & HOLLINS FERRY RD,O,,921,SOUTHERN,Westport,"(39.2643800000, -76.6435400000)",1
16/06/16,5:40:00,5D,4400 CHERRY BLOSSOM PL,I,,433,NORTHEASTERN,Orchard Ridge,"(39.3113700000, -76.5611700000)",1
16/06/16,6:10:00,4E,3400 BELAIR RD,I,HANDS,432,NORTHEASTERN,Belair-Edison,"(39.3229000000, -76.5719900000)",1
16/06/16,6:30:00,5B,3800 SINCLAIR LN,I,,432,NORTHEASTERN,Belair-Edison,"(39.3139500000, -76.5625600000)",1
16/06/16,6:30:00,6D,AV & N CAROLINE ST,O,,313,EASTERN,Gay Street,"(39.3003800000, -76.5977400000)",1
16/06/16,7:13:00,6J,3000 W NORTH AVE,O,,811,SOUTHWESTERN,Walbrook,"(39.3091200000, -76.6678100000)",1
16/06/16,7:50:00,6C,5000 SINCLAIR LN,I,,443,NORTHEASTERN,Frankford,"(39.3218700000, -76.5476200000)",1
16/06/16,8:00:00,6D,200 S CENTRAL AVE,O,,211,SOUTHEASTERN,Little Italy,"(39.2885100000, -76.5994400000)",1
16/06/16,8:15:00,5F,1300 CLARKSON ST,I,,942,SOUTHERN,South Baltimore,"(39.2742800000, -76.6161400000)",1
16/06/16,8:15:00,5F,1300 CLARKSON ST,I,,942,SOUTHERN,South Baltimore,"(39.2742800000, -76.6161400000)",1
16/06/16,8:35:00,7A,1200 LIGHT ST,O,,942,SOUTHERN,Federal Hill,"(39.2757400000, -76.6122100000)",1
16/06/16,9:00:00,4F,2100 JEFFERSON ST,I,,321,EASTERN,CARE,"(39.2965100000, -76.5870300000)",1
v16/06/16,18:00:00,7A,2700 TALBOT RD,O,,641,NORTHWESTERN,Windsor Hills,"(39.3172800000, -76.6905800000)",1
16/06/16,18:00:00,7A,900 MONTPELIER ST,O,,513,NORTHERN,Better Waverly,"(39.3250900000, -76.6049700000)",1
16/06/16,18:00:00,5B,6400 ELRAY DR,I,,632,NORTHWESTERN,Cheswolde,"(39.3707900000, -76.6916700000)",1
16/06/16,18:00:00,5D,3200 WILKENS AVE,I,,832,SOUTHWESTERN,Gwynns Falls,"(39.2745300000, -76.6704200000)",1
16/06/16,18:44:00,6E,2500 MARBOURNE AVE,O,,923,SOUTHERN,Lakeland,"(39.2536200000, -76.6484600000)",1
16/06/16,18:45:00,6C,600 W 33RD ST,I,,531,NORTHERN,Wyman Park,"(39.3271000000, -76.6273500000)",1
16/06/16,18:50:00,6G,800 N EUTAW ST,I,,143,CENTRAL,Seton Hill,"(39.3001600000, -76.6216300000)",1
16/06/16,19:00:00,6J,1200 S PONCA ST,I,,233,SOUTHEASTERN,Canton Industrial Area,"(39.2796400000, -76.5545300000)",1
16/06/16,19:30:00,6D,1800 E PRATT ST,O,,212,SOUTHEASTERN,Upper Fells Point,"(39.2893200000, -76.5907800000)",1
v15/06/16,22:45:00,6D,800 LINDEN AVE,I,,142,CENTRAL,Mount Vernon,"(39.2993000000, -76.6207500000)",1
15/06/16,22:50:00,4E,1800 EUTAW PL,O,HANDS,132,CENTRAL,Madison Park,"(39.3078800000, -76.6312200000)",1
15/06/16,23:00:00,3B,1500 LOCHWOOD RD,O,,412,NORTHEASTERN,Hillen,"(39.3427200000, -76.5908400000)",1
15/06/16,23:00:00,5A,3900 6TH ST,I,,913,SOUTHERN,Brooklyn,"(39.2324600000, -76.6041600000)",1
15/06/16,23:00:00,6J,2600 MADISON AVE,I,,133,CENTRAL,Reservoir Hill,"(39.3149800000, -76.6401100000)",1
15/06/16,23:26:00,4C,2500 W LANVALE ST,I,OTHER,721,WESTERN,Evergreen Lawn,"(39.2968800000, -76.6569400000)",1
15/06/16,23:30:00,4E,200 N CURLEY ST,I,HANDS,224,SOUTHEASTERN,Ellwood Park/Monument,"(39.2955600000, -76.5757400000)",1
15/06/16,23:30:00,6E,3700 WILKENS AVE,O,,832,SOUTHWESTERN,Oaklee,"(39.2701600000, -76.6825700000)",1
15/06/16,23:30:00,6E,3700 ELMLEY AVE,O,,432,NORTHEASTERN,Belair-Edison,"(39.3175700000, -76.5667100000)",1
15/06/16,23:44:00,4E,900 APPLETON ST,I,HANDS,722,WESTERN,Midtown-Edmondson,"(39.2990900000, -76.6484400000)",1
15/06/16,23:56:00,3AK,3700 CLAREMONT ST,O,KNIFE,231,SOUTHEASTERN,Highlandtown,"(39.2895200000, -76.5665700000)",1
15/06/16,0:00:00,6J,200 S BROADWAY,O,,213,SOUTHEASTERN,Fells Point,"(39.2887000000, -76.5937100000)",1
15/06/16,0:04:00,4A,5100 REISTERSTOWN RD,I,FIREARM,613,NORTHWESTERN,Langston Hughes,"(39.3424100000, -76.6827200000)",1
15/06/16,0:15:00,4E,0 N POPPLETON ST,I,HANDS,712,WESTERN,Poppleton,"(39.2895300000, -76.6322200000)",1
15/06/16,0:40:00,3B,900 SEAGULL AVE,O,,922,SOUTHERN,Cherry Hill,"(39.2437900000, -76.6222600000)",1
15/06/16,0:40:00,4E,900 SEAGULL AVE,O,HANDS,922,SOUTHERN,Cherry Hill,"(39.2437900000, -76.6222600000)",1
15/06/16,4,9S,4100 W GARRISON AV,Inside,FIREARM,623,NORTHWESTERN,Woodmere,"(39.3420900000, -76.6823700000)",1
15/06/16,1:00:00,6D,5800 JONQUIL AVE,O,,632,NORTHWESTERN,Glen,"(39.3532600000, -76.6896800000)",1
15/06/16,1:40:00,5D,2000 HARFORD RD,I,,342,EASTERN,East Baltimore Midway,"(39.3135100000, -76.5987200000)",1
15/06/16,2:00:00,4A,CAROLINE ST & E LOMBARD ST,I,FIREARM,212,SOUTHEASTERN,Washington Hill,"(39.2902700000, -76.5971000000)",1
15/06/16,2:00:00,6D,5600 O''DONNELL ST,I,,233,SOUTHEASTERN,Medford,"(39.2812200000, -76.5481900000)",1
15/06/16,3:21:00,4C,4100 W BELVEDERE AVE,O,OTHER,623,NORTHWESTERN,Woodmere,"(39.3428700000, -76.6836100000)",1
15/06/16,3:30:00,4E,4900 EASTERN AV,I,HANDS,242,SOUTHEASTERN,Greektown,"(39.2870600000, -76.5542200000)",1
15/06/16,3:35:00,4C,100 W OSTEND ST,I,OTHER,943,SOUTHERN,South Baltimore,"(39.2746200000, -76.6169100000)",1
15/06/16,3:45:00,6E,3700 WOODBINE AVE,O,,622,NORTHWESTERN,Howard Park,"(39.3338100000, -76.6960600000)",1
15/06/16,4:30:00,6D,5500 ELDERON AVE,O,,623,NORTHWESTERN,Grove Park,"(39.3417800000, -76.6966000000)",1
15/06/16,4:50:00,4E,2400 PICKERING DR,O,HANDS,423,NORTHEASTERN,Hamilton Hills,"(39.3695700000, -76.5643300000)",1
15/06/16,5:00:00,5A,3500 DUDLEY AVE,I,,432,NORTHEASTERN,Belair-Edison,"(39.3213300000, -76.5621800000)",1
15/06/16,5:30:00,5A,3600 BOWERS AVE,I,,623,NORTHWESTERN,Grove Park,"(39.3362700000, -76.7060700000)",1
15/06/16,5:34:00,6J,1300 PENTWOOD RD,O,,413,NORTHEASTERN,New Northwood,"(39.3483600000, -76.5953400000)",1
15/06/16,6:40:00,6D,1700 E LANVALE ST,O,,331,EASTERN,Broadway East,"(39.3096700000, -76.5938000000)",1
15/06/16,13:30:00,6G,1600 WHETSTONE WAY,I,,943,SOUTHERN,Locust Point Industrial Area,"(39.2692600000, -76.5995200000)",1
15/06/16,13:39:00,5B,5500 PILGRIM RD,I,,423,NORTHEASTERN,Hamilton Hills,"(39.3573600000, -76.5702600000)",1
15/06/16,14:12:00,4A,AV & HAMILTON AV,O,FIREARM,444,NORTHEASTERN,Frankford,"(39.3371500000, -76.5329200000)",1
15/06/16,14:15:00,4C,500 S BROADWAY,I,OTHER,213,SOUTHEASTERN,Fells Point,"(39.2852000000, -76.5934900000)",1
15/06/16,14:25:00,6J,200 W BALTIMORE ST N,O,,111,CENTRAL,Downtown,"(39.2894200000, -76.6182600000)",1
15/06/16,14:30:00,5A,6200 PLYMOUTH RD,I,,423,NORTHEASTERN,Hamilton Hills,"(39.3624600000, -76.5710300000)",1
15/06/16,14:30:00,3B,300 FOLCROFT ST,O,,241,SOUTHEASTERN,Bayview,"(39.2904900000, -76.5420500000)",1
15/06/16,14:40:00,6C,6700 REISTERSTOWN RD,I,,631,NORTHWESTERN,Reisterstown Station,"(39.3592700000, -76.7065900000)",1
15/06/16,15:00:00,6E,5300 FRANKFORD AVE,O,,444,NORTHEASTERN,Frankford,"(39.3243200000, -76.5407800000)",1
15/06/16,15:15:00,4A,2100 TUCKER LN,I,FIREARM,821,SOUTHWESTERN,Wakefield,"(39.3100400000, -76.7014200000)",1
15/06/16,15:30:00,5A,3500 WILKENS AVE,I,,832,SOUTHWESTERN,Violetville,"(39.2715800000, -76.6782200000)",1
15/06/16,15:30:00,6D,2400 PERRING MANOR RD,I,,423,NORTHEASTERN,Hamilton Hills,"(39.3719000000, -76.5630600000)",1
15/06/16,15:45:00,7A,6200 REISTERSTOWN RD,I,,632,NORTHWESTERN,Glen,"(39.3538800000, -76.6990400000)",1
15/06/16,16:00:00,6J,3100 Swann Dr,I,,531,NORTHERN,Druid Hill Park,"(39.3191000000, -76.6425000000)",1
15/06/16,16:00:00,7A,2400 S HANOVER ST,O,,943,SOUTHERN,Port Covington,"(39.2629300000, -76.6145800000)",1
15/06/16,16:10:00,6J,2400 CHRISTIAN ST,I,,841,SOUTHWESTERN,Millhill,"(39.2801700000, -76.6544900000)",1
15/06/16,16:20:00,4B,3000 MALLVIEW RD,O,KNIFE,923,SOUTHERN,Lakeland,"(39.2516300000, -76.6421700000)",1
15/06/16,16:30:00,8AO,5400 JONQUIL AVE,I,,633,NORTHWESTERN,Arlington,"(39.3491600000, -76.6855100000)",1
15/06/16,17:00:00,6G,1000 W BALTIMORE ST,O,,712,WESTERN,Poppleton,"(39.2887600000, -76.6342400000)",1
15/06/16,17:00:00,7A,200 S EDEN ST,O,,212,SOUTHEASTERN,Washington Hill,"(39.2887900000, -76.5985700000)",1
15/06/16,17:00:00,6E,4300 MARBLE HALL RD,O,,413,NORTHEASTERN,New Northwood,"(39.3425600000, -76.5927200000)",1
15/06/16,17:00:00,5A,2700 OVERLAND AVE,I,,421,NORTHEASTERN,Lauraville,"(39.3436000000, -76.5779000000)",1
15/06/16,17:00:00,6E,4300 WAKEFIELD RD,O,,641,NORTHWESTERN,West Forest Park,"(39.3216900000, -76.6897000000)",1
18/06/16,2:05:00,6C,800 N WOLFE ST,I,,321,EASTERN,Middle East,"(39.3002700000, -76.5909700000)",1
18/06/16,2:35:00,4C,ST & IMLA ST,O,OTHER,241,SOUTHEASTERN,Bayview,"(39.2891900000, -76.5391400000)",1
18/06/16,2:35:00,4C,ST & IMLA ST,O,OTHER,241,SOUTHEASTERN,Bayview,"(39.2891900000, -76.5391400000)",1
18/06/16,2:45:00,4E,2400 W BELVEDERE AVE,I,HANDS,532,NORTHERN,Levindale,"(39.3544800000, -76.6623700000)",1
18/06/16,3:45:00,5D,1100 RUSSELL ST,I,,941,SOUTHERN,Carroll - Camden Industrial Area,"(39.2789600000, -76.6245300000)",1
18/06/16,4:00:00,4E,ST & N PATTERSON PARK AV,I,HANDS,321,EASTERN,McElderry Park,"(39.2976200000, -76.5850500000)",1
18/06/16,4:00:00,3AF,200 N LIBERTY ST,O,FIREARM,111,CENTRAL,Downtown,"(39.2917300000, -76.6171300000)",1
18/06/16,4:00:00,6G,600 S ANN ST,I,,213,SOUTHEASTERN,Fells Point,"(39.2844700000, -76.5912800000)",1
18/06/16,4:26:00,4E,2600 PENNSYLVANIA AVE,I,HANDS,733,WESTERN,Penn North,"(39.3115700000, -76.6443300000)",1
18/06/16,2251,9S,2300 DENISON ST,Outside,FIREARM,812,SOUTHWESTERN,Mount Holly,"(39.3131800000, -76.6744000000)",1
18/06/16,2253,9S,4200 NICHOLAS AV,Outside,FIREARM,442,NORTHEASTERN,Belair-Edison,"(39.3292000000, -76.5640300000)",1
18/06/16,23:00:00,4E,2500 W BALTIMORE ST,O,HANDS,842,SOUTHWESTERN,Shipley Hill,"(39.2877300000, -76.6572500000)",1
18/06/16,23:15:00,4C,700 RAMSAY ST,O,OTHER,931,SOUTHERN,Barre Circle,"(39.2838600000, -76.6272100000)",1
18/06/16,0:00:00,5A,300 S CASTLE ST,I,,212,SOUTHEASTERN,Upper Fells Point,"(39.2874800000, -76.5879300000)",1
18/06/16,0:00:00,6H,4000 CEDARDALE RD,O,,643,NORTHWESTERN,East Arlington,"(39.3334400000, -76.6694900000)",1
18/06/16,0:30:00,4E,1300 N CAROLINE ST,O,HANDS,343,EASTERN,Oliver,"(39.3053300000, -76.5980900000)",1
18/06/16,2:05:00,6C,800 N WOLFE ST,I,,321,EASTERN,Middle East,"(39.3002700000, -76.5909700000)",1
18/06/16,2:35:00,4C,ST & IMLA ST,O,OTHER,241,SOUTHEASTERN,Bayview,"(39.2891900000, -76.5391400000)",1
18/06/16,2:35:00,4C,ST & IMLA ST,O,OTHER,241,SOUTHEASTERN,Bayview,"(39.2891900000, -76.5391400000)",1
18/06/16,2:45:00,4E,2400 W BELVEDERE AVE,I,HANDS,532,NORTHERN,Levindale,"(39.3544800000, -76.6623700000)",1
18/06/16,3:45:00,5D,1100 RUSSELL ST,I,,941,SOUTHERN,Carroll - Camden Industrial Area,"(39.2789600000, -76.6245300000)",1
18/06/16,4:00:00,4E,ST & N PATTERSON PARK AV,I,HANDS,321,EASTERN,McElderry Park,"(39.2976200000, -76.5850500000)",1
18/06/16,4:00:00,3AF,200 N LIBERTY ST,O,FIREARM,111,CENTRAL,Downtown,"(39.2917300000, -76.6171300000)",1
18/06/16,4:00:00,6G,600 S ANN ST,I,,213,SOUTHEASTERN,Fells Point,"(39.2844700000, -76.5912800000)",1
18/06/16,4:26:00,4E,2600 PENNSYLVANIA AVE,I,HANDS,733,WESTERN,Penn North,"(39.3115700000, -76.6443300000)",1
18/06/16,2251,9S,2300 DENISON ST,Outside,FIREARM,812,SOUTHWESTERN,Mount Holly,"(39.3131800000, -76.6744000000)",1
18/06/16,2253,9S,4200 NICHOLAS AV,Outside,FIREARM,442,NORTHEASTERN,Belair-Edison,"(39.3292000000, -76.5640300000)",1
18/06/16,23:00:00,4E,2500 W BALTIMORE ST,O,HANDS,842,SOUTHWESTERN,Shipley Hill,"(39.2877300000, -76.6572500000)",1
18/06/16,23:15:00,4C,700 RAMSAY ST,O,OTHER,931,SOUTHERN,Barre Circle,"(39.2838600000, -76.6272100000)",1
18/06/16,0:00:00,5A,300 S CASTLE ST,I,,212,SOUTHEASTERN,Upper Fells Point,"(39.2874800000, -76.5879300000)",1
18/06/16,0:00:00,6H,4000 CEDARDALE RD,O,,643,NORTHWESTERN,East Arlington,"(39.3334400000, -76.6694900000)",1
18/06/16,0:30:00,4E,1300 N CAROLINE ST,O,HANDS,343,EASTERN,Oliver,"(39.3053300000, -76.5980900000)",1
16/06/16,9:45:00,7A,700 N CARROLLTON AVE,O,,713,WESTERN,Harlem Park,"(39.2968200000, -76.6372100000)",1
16/06/16,10:00:00,7A,,I,,511,NORTHERN,,,1
16/06/16,10:00:00,5A,3900 OAKFORD AVE,I,,642,NORTHWESTERN,Dolfield,"(39.3358700000, -76.6833700000)",1
16/06/16,10:00:00,6D,1900 N CHESTER ST,O,,331,EASTERN,South Clifton Park,"(39.3129100000, -76.5886800000)",1
16/06/16,10:15:00,6C,400 E PRATT ST,I,,112,CENTRAL,Inner Harbor,"(39.2866800000, -76.6098000000)",1
16/06/16,10:50:00,4C,3200 PIEDMONT AVE,I,OTHER,641,NORTHWESTERN,Hanlon-Longwood,"(39.3164100000, -76.6717800000)",1
16/06/16,11:25:00,6J,5000 E MONUMENT ST,O,,333,EASTERN,Orangeville,"(39.3000700000, -76.5553400000)",1
16/06/16,11:30:00,5A,0 W 20TH ST,I,,141,NORTHERN,Charles North,"(39.3121800000, -76.6170300000)",1
16/06/16,11:40:00,4E,1000 DARTMOUTH RD,I,HANDS,522,NORTHERN,Evesham Park,"(39.3663100000, -76.6006300000)",1
16/06/16,12:15:00,5A,2300 RIGGS AVE,I,,723,WESTERN,Bridgeview/Greenlawn,"(39.3006400000, -76.6542800000)",1
16/06/16,12:20:00,4E,5500 Bowleys Ln,I,HANDS,443,NORTHEASTERN,Frankford,"(39.3189200000, -76.5516200000)",1
16/06/16,12:30:00,4F,500 N HILTON ST,I,,843,SOUTHWESTERN,Lower Edmondson Village,"(39.2929800000, -76.6727000000)",1
16/06/16,12:30:00,5B,4200 PARKSIDE DR,I,,442,NORTHEASTERN,Belair-Edison,"(39.3273300000, -76.5653700000)",1
16/06/16,13:05:00,4C,1400 LIMIT AVE,I,OTHER,414,NORTHEASTERN,Idlewood,"(39.3712200000, -76.5844900000)",1
16/06/16,13:30:00,4E,500 ALLENDALE ST,O,HANDS,843,SOUTHWESTERN,Allendale,"(39.2928400000, -76.6783500000)",1
16/06/16,14:00:00,4E,5700 CEDONIA AVE,I,HANDS,444,NORTHEASTERN,Frankford,"(39.3386200000, -76.5324000000)",1
16/06/16,5:00:00,7A,PACA ST & HOLLINS FERRY RD,O,,921,SOUTHERN,Westport,"(39.2643800000, -76.6435400000)",1
16/06/16,5:40:00,5D,4400 CHERRY BLOSSOM PL,I,,433,NORTHEASTERN,Orchard Ridge,"(39.3113700000, -76.5611700000)",1
16/06/16,6:10:00,4E,3400 BELAIR RD,I,HANDS,432,NORTHEASTERN,Belair-Edison,"(39.3229000000, -76.5719900000)",1
16/06/16,6:30:00,5B,3800 SINCLAIR LN,I,,432,NORTHEASTERN,Belair-Edison,"(39.3139500000, -76.5625600000)",1
16/06/16,6:30:00,6D,AV & N CAROLINE ST,O,,313,EASTERN,Gay Street,"(39.3003800000, -76.5977400000)",1
16/06/16,7:13:00,6J,3000 W NORTH AVE,O,,811,SOUTHWESTERN,Walbrook,"(39.3091200000, -76.6678100000)",1
16/06/16,7:50:00,6C,5000 SINCLAIR LN,I,,443,NORTHEASTERN,Frankford,"(39.3218700000, -76.5476200000)",1
16/06/16,8:00:00,6D,200 S CENTRAL AVE,O,,211,SOUTHEASTERN,Little Italy,"(39.2885100000, -76.5994400000)",1
16/06/16,8:15:00,5F,1300 CLARKSON ST,I,,942,SOUTHERN,South Baltimore,"(39.2742800000, -76.6161400000)",1
16/06/16,8:15:00,5F,1300 CLARKSON ST,I,,942,SOUTHERN,South Baltimore,"(39.2742800000, -76.6161400000)",1
16/06/16,8:35:00,7A,1200 LIGHT ST,O,,942,SOUTHERN,Federal Hill,"(39.2757400000, -76.6122100000)",1
16/06/16,9:00:00,4F,2100 JEFFERSON ST,I,,321,EASTERN,CARE,"(39.2965100000, -76.5870300000)",1
16/06/16,9:00:00,6E,6000 PARK HEIGHTS AVE,O,,632,NORTHWESTERN,Glen,"(39.3565800000, -76.6896800000)",1
16/06/16,9:30:00,6J,1500 LAKESIDE AVE,O,,412,NORTHEASTERN,Ednor Gardens-Lakeside,"(39.3293400000, -76.5936700000)",1
16/06/16,9:45:00,7A,700 N CARROLLTON AVE,O,,713,WESTERN,Harlem Park,"(39.2968200000, -76.6372100000)",1
16/06/16,10:00:00,7A,,I,,511,NORTHERN,,,1
16/06/16,10:00:00,5A,3900 OAKFORD AVE,I,,642,NORTHWESTERN,Dolfield,"(39.3358700000, -76.6833700000)",1
15/06/16,23:30:00,6E,3700 ELMLEY AVE,O,,432,NORTHEASTERN,Belair-Edison,"(39.3175700000, -76.5667100000)",1
15/06/16,23:44:00,4E,900 APPLETON ST,I,HANDS,722,WESTERN,Midtown-Edmondson,"(39.2990900000, -76.6484400000)",1
15/06/16,23:56:00,3AK,3700 CLAREMONT ST,O,KNIFE,231,SOUTHEASTERN,Highlandtown,"(39.2895200000, -76.5665700000)",1
15/06/16,0:00:00,6J,200 S BROADWAY,O,,213,SOUTHEASTERN,Fells Point,"(39.2887000000, -76.5937100000)",1
15/06/16,0:04:00,4A,5100 REISTERSTOWN RD,I,FIREARM,613,NORTHWESTERN,Langston Hughes,"(39.3424100000, -76.6827200000)",1
15/06/16,0:15:00,4E,0 N POPPLETON ST,I,HANDS,712,WESTERN,Poppleton,"(39.2895300000, -76.6322200000)",1
15/06/16,0:40:00,3B,900 SEAGULL AVE,O,,922,SOUTHERN,Cherry Hill,"(39.2437900000, -76.6222600000)",1
15/06/16,0:40:00,4E,900 SEAGULL AVE,O,HANDS,922,SOUTHERN,Cherry Hill,"(39.2437900000, -76.6222600000)",1
15/06/16,4,9S,4100 W GARRISON AV,Inside,FIREARM,623,NORTHWESTERN,Woodmere,"(39.3420900000, -76.6823700000)",1
15/06/16,1:00:00,6D,5800 JONQUIL AVE,O,,632,NORTHWESTERN,Glen,"(39.3532600000, -76.6896800000)",1
15/06/16,1:40:00,5D,2000 HARFORD RD,I,,342,EASTERN,East Baltimore Midway,"(39.3135100000, -76.5987200000)",1
15/06/16,2:00:00,4A,CAROLINE ST & E LOMBARD ST,I,FIREARM,212,SOUTHEASTERN,Washington Hill,"(39.2902700000, -76.5971000000)",1
15/06/16,2:00:00,6D,5600 O''DONNELL ST,I,,233,SOUTHEASTERN,Medford,"(39.2812200000, -76.5481900000)",1
15/06/16,3:21:00,4C,4100 W BELVEDERE AVE,O,OTHER,623,NORTHWESTERN,Woodmere,"(39.3428700000, -76.6836100000)",1
15/06/16,3:30:00,4E,4900 EASTERN AV,I,HANDS,242,SOUTHEASTERN,Greektown,"(39.2870600000, -76.5542200000)",1
15/06/16,3:35:00,4C,100 W OSTEND ST,I,OTHER,943,SOUTHERN,South Baltimore,"(39.2746200000, -76.6169100000)",1
15/06/16,3:45:00,6E,3700 WOODBINE AVE,O,,622,NORTHWESTERN,Howard Park,"(39.3338100000, -76.6960600000)",1
15/06/16,4:30:00,6D,5500 ELDERON AVE,O,,623,NORTHWESTERN,Grove Park,"(39.3417800000, -76.6966000000)",1
15/06/16,4:50:00,4E,2400 PICKERING DR,O,HANDS,423,NORTHEASTERN,Hamilton Hills,"(39.3695700000, -76.5643300000)",1
15/06/16,5:00:00,5A,3500 DUDLEY AVE,I,,432,NORTHEASTERN,Belair-Edison,"(39.3213300000, -76.5621800000)",1
15/06/16,5:30:00,5A,3600 BOWERS AVE,I,,623,NORTHWESTERN,Grove Park,"(39.3362700000, -76.7060700000)",1
15/06/16,5:34:00,6J,1300 PENTWOOD RD,O,,413,NORTHEASTERN,New Northwood,"(39.3483600000, -76.5953400000)",1
15/06/16,6:40:00,6D,1700 E LANVALE ST,O,,331,EASTERN,Broadway East,"(39.3096700000, -76.5938000000)",1
15/06/16,23:30:00,6E,3700 ELMLEY AVE,O,,432,NORTHEASTERN,Belair-Edison,"(39.3175700000, -76.5667100000)",1
15/06/16,23:44:00,4E,900 APPLETON ST,I,HANDS,722,WESTERN,Midtown-Edmondson,"(39.2990900000, -76.6484400000)",1
15/06/16,23:56:00,3AK,3700 CLAREMONT ST,O,KNIFE,231,SOUTHEASTERN,Highlandtown,"(39.2895200000, -76.5665700000)",1
15/06/16,0:00:00,6J,200 S BROADWAY,O,,213,SOUTHEASTERN,Fells Point,"(39.2887000000, -76.5937100000)",1
15/06/16,0:04:00,4A,5100 REISTERSTOWN RD,I,FIREARM,613,NORTHWESTERN,Langston Hughes,"(39.3424100000, -76.6827200000)",1
15/06/16,0:15:00,4E,0 N POPPLETON ST,I,HANDS,712,WESTERN,Poppleton,"(39.2895300000, -76.6322200000)",1
15/06/16,0:40:00,3B,900 SEAGULL AVE,O,,922,SOUTHERN,Cherry Hill,"(39.2437900000, -76.6222600000)",1
15/06/16,0:40:00,4E,900 SEAGULL AVE,O,HANDS,922,SOUTHERN,Cherry Hill,"(39.2437900000, -76.6222600000)",1
15/06/16,4,9S,4100 W GARRISON AV,Inside,FIREARM,623,NORTHWESTERN,Woodmere,"(39.3420900000, -76.6823700000)",1
15/06/16,1:00:00,6D,5800 JONQUIL AVE,O,,632,NORTHWESTERN,Glen,"(39.3532600000, -76.6896800000)",1
15/06/16,1:40:00,5D,2000 HARFORD RD,I,,342,EASTERN,East Baltimore Midway,"(39.3135100000, -76.5987200000)",1
15/06/16,2:00:00,4A,CAROLINE ST & E LOMBARD ST,I,FIREARM,212,SOUTHEASTERN,Washington Hill,"(39.2902700000, -76.5971000000)",1
15/06/16,2:00:00,6D,5600 O''DONNELL ST,I,,233,SOUTHEASTERN,Medford,"(39.2812200000, -76.5481900000)",1
15/06/16,3:21:00,4C,4100 W BELVEDERE AVE,O,OTHER,623,NORTHWESTERN,Woodmere,"(39.3428700000, -76.6836100000)",1
15/06/16,3:30:00,4E,4900 EASTERN AV,I,HANDS,242,SOUTHEASTERN,Greektown,"(39.2870600000, -76.5542200000)",1
15/06/16,3:35:00,4C,100 W OSTEND ST,I,OTHER,943,SOUTHERN,South Baltimore,"(39.2746200000, -76.6169100000)",1
15/06/16,3:45:00,6E,3700 WOODBINE AVE,O,,622,NORTHWESTERN,Howard Park,"(39.3338100000, -76.6960600000)",1
15/06/16,4:30:00,6D,5500 ELDERON AVE,O,,623,NORTHWESTERN,Grove Park,"(39.3417800000, -76.6966000000)",1
15/06/16,4:50:00,4E,2400 PICKERING DR,O,HANDS,423,NORTHEASTERN,Hamilton Hills,"(39.3695700000, -76.5643300000)",1
15/06/16,5:00:00,5A,3500 DUDLEY AVE,I,,432,NORTHEASTERN,Belair-Edison,"(39.3213300000, -76.5621800000)",1
15/06/16,5:30:00,5A,3600 BOWERS AVE,I,,623,NORTHWESTERN,Grove Park,"(39.3362700000, -76.7060700000)",1
15/06/16,5:34:00,6J,1300 PENTWOOD RD,O,,413,NORTHEASTERN,New Northwood,"(39.3483600000, -76.5953400000)",1
15/06/16,6:40:00,6D,1700 E LANVALE ST,O,,331,EASTERN,Broadway East,"(39.3096700000, -76.5938000000)",1
15/06/16,23:30:00,6E,3700 ELMLEY AVE,O,,432,NORTHEASTERN,Belair-Edison,"(39.3175700000, -76.5667100000)",1
15/06/16,23:44:00,4E,900 APPLETON ST,I,HANDS,722,WESTERN,Midtown-Edmondson,"(39.2990900000, -76.6484400000)",1
15/06/16,23:56:00,3AK,3700 CLAREMONT ST,O,KNIFE,231,SOUTHEASTERN,Highlandtown,"(39.2895200000, -76.5665700000)",1
15/06/16,0:00:00,6J,200 S BROADWAY,O,,213,SOUTHEASTERN,Fells Point,"(39.2887000000, -76.5937100000)",1
15/06/16,0:04:00,4A,5100 REISTERSTOWN RD,I,FIREARM,613,NORTHWESTERN,Langston Hughes,"(39.3424100000, -76.6827200000)",1
15/06/16,0:15:00,4E,0 N POPPLETON ST,I,HANDS,712,WESTERN,Poppleton,"(39.2895300000, -76.6322200000)",1
15/06/16,0:40:00,3B,900 SEAGULL AVE,O,,922,SOUTHERN,Cherry Hill,"(39.2437900000, -76.6222600000)",1
15/06/16,0:40:00,4E,900 SEAGULL AVE,O,HANDS,922,SOUTHERN,Cherry Hill,"(39.2437900000, -76.6222600000)",1
15/06/16,4,9S,4100 W GARRISON AV,Inside,FIREARM,623,NORTHWESTERN,Woodmere,"(39.3420900000, -76.6823700000)",1
15/06/16,1:00:00,6D,5800 JONQUIL AVE,O,,632,NORTHWESTERN,Glen,"(39.3532600000, -76.6896800000)",1
15/06/16,1:40:00,5D,2000 HARFORD RD,I,,342,EASTERN,East Baltimore Midway,"(39.3135100000, -76.5987200000)",1
15/06/16,2:00:00,4A,CAROLINE ST & E LOMBARD ST,I,FIREARM,212,SOUTHEASTERN,Washington Hill,"(39.2902700000, -76.5971000000)",1
15/06/16,2:00:00,6D,5600 O''DONNELL ST,I,,233,SOUTHEASTERN,Medford,"(39.2812200000, -76.5481900000)",1
15/06/16,3:21:00,4C,4100 W BELVEDERE AVE,O,OTHER,623,NORTHWESTERN,Woodmere,"(39.3428700000, -76.6836100000)",1
15/06/16,3:30:00,4E,4900 EASTERN AV,I,HANDS,242,SOUTHEASTERN,Greektown,"(39.2870600000, -76.5542200000)",1
15/06/16,3:35:00,4C,100 W OSTEND ST,I,OTHER,943,SOUTHERN,South Baltimore,"(39.2746200000, -76.6169100000)",1
15/06/16,3:45:00,6E,3700 WOODBINE AVE,O,,622,NORTHWESTERN,Howard Park,"(39.3338100000, -76.6960600000)",1
15/06/16,4:30:00,6D,5500 ELDERON AVE,O,,623,NORTHWESTERN,Grove Park,"(39.3417800000, -76.6966000000)",1
15/06/16,4:50:00,4E,2400 PICKERING DR,O,HANDS,423,NORTHEASTERN,Hamilton Hills,"(39.3695700000, -76.5643300000)",1
15/06/16,5:00:00,5A,3500 DUDLEY AVE,I,,432,NORTHEASTERN,Belair-Edison,"(39.3213300000, -76.5621800000)",1
15/06/16,5:30:00,5A,3600 BOWERS AVE,I,,623,NORTHWESTERN,Grove Park,"(39.3362700000, -76.7060700000)",1
15/06/16,5:34:00,6J,1300 PENTWOOD RD,O,,413,NORTHEASTERN,New Northwood,"(39.3483600000, -76.5953400000)",1
15/06/16,6:40:00,6D,1700 E LANVALE ST,O,,331,EASTERN,Broadway East,"(39.3096700000, -76.5938000000)",1
